{
    "providerName":"Roku Recommends",
    "language":"en-US",
    "lastUpdated":"2017-04-20T02:01:00+02:00",
    "movies":[
        {
            "id":"123456789",
            "title":"Live Gaming",
            "releaseDate":"2015-06-11",
            "shortDescription":"With the Twitch channel, you can watch the most popular broadcasts of the day, browse live broadcasts by the games you love and follow your favorite Twitch broadcasters.",
            "thumbnail":"https://blog.roku.com/developer/files/2016/10/twitch-poster-artwork.png",
            "genres":[
                "drama"
            ],
            "tags":[
                "films"
            ],
            "content":{
                "dateAdded":"2015-06-11T14:14:54.431Z",
                "captions":[

                ],
                "videos":[
                    {
                        "url":"http://roku.content.video.llnw.net/smedia/59021fabe3b645968e382ac726cd6c7b/Gb/siCt-V7LOSU08W_Ve1ByJY5N9emKZeXZvnrH2Yb9c/117_segment_2_twitch__nw_060515.mp4",
                        "quality":"HD",
                        "videoType":"MP4"
                    }
                ],
                "duration":53
            }
        }
    ],
    "series":[
        {
            "id":"950609787035",
            "title":"Roku Recommends",
            "releaseDate":"2000-01-01",
            "shortDescription":"Weekly recommendations of the latest and greatest channels, movies, TV shows, games, and more that are available now on your Roku device.",
            "thumbnail":"https://roku-blog.s3.amazonaws.com/developer/files/2017/04/Roku-Recommends-thumbnail.png",
            "genres":[
                "action"
            ],
            "tags":[
                "series"
            ],
            "seasons":[
                {
                    "seasonNumber":1,
                    "episodes":[
                        {
                            "id":"6c9d0951d6d74229afe4adf972b278dd",
                            "title":"Let's Get Cookin'",
                            "episodeNumber":1,
                            "releaseDate":"2015-05-21",
                            "shortDescription":"The Paula Deen Channel is your instant access to new and hilarious Paula Deen cooking and lifestyle shows. Paula and her sons,  Jamie and Bobby, will cook up their delicious southern recipes and help you with hints and tips that make meal planning simple, affordable and easy.",
                            "thumbnail":"https://blog.roku.com/developer/files/2016/10/paula-deen-poster-artwork.png",
                            "content":{
                                "dateAdded":"2015-05-21T14:14:54.431Z",
                                "captions":[

                                ],
                                "duration":59,
                                "videos":[
                                    {
                                        "url":"http://roku.content.video.llnw.net/smedia/59021fabe3b645968e382ac726cd6c7b/An/Ad7-vxssRzyBjjdbdLdikctclTqxwEGsVWZGpiKp4/roku_ep_115_segment_5_paula_nw_050515.mp4",
                                        "quality":"HD",
                                        "videoType":"MP4"
                                    }
                                ]
                            }
                        },
                        {
                            "id":"7405a8c101ee4c9da312c426e6067044",
                            "title":"Ideas Worth Spreading",
                            "episodeNumber":2,
                            "shortDescription":"TED is a nonprofit devoted to Ideas Worth Spreading. On this channel, you will find TEDTalks video to inspire, intrigue and stir the imagination from some of the worlds leading thinkers and doers, speaking from the stage at TED conferences, TEDx events and partner events around the world.",
                            "thumbnail":"https://blog.roku.com/developer/files/2016/10/ted-poster-artwork.png",
                            "releaseDate":"2015-05-21",
                            "content":{
                                "dateAdded":"2015-05-21T14:14:54.431Z",
                                "captions":[

                                ],
                                "duration":71,
                                "videos":[
                                    {
                                        "url":"http://roku.content.video.llnw.net/smedia/59021fabe3b645968e382ac726cd6c7b/p-/IBQ_ar_jBKNjk2ZGYCNHHNcN7v6Qy2Gf4V517CuX0/roku_ep_115_segment_1_ted_nw_050515.mp4",
                                        "quality":"HD",
                                        "videoType":"MP4"
                                    }
                                ]
                            }
                        },
                        {
                            "id":"5686748268874a57a4ba3debda1619dd",
                            "title":"Fanboys Unite",
                            "shortDescription":"ConTv is a channel that promises to let you immerse yourself in the Comic Con experience. The channel offers Sci-fi and monster movies, cult classics, martial arts, hit television series from years past, and more.",
                            "thumbnail":"https://blog.roku.com/developer/files/2016/10/con-tv-poster-artwork.png",
                            "releaseDate":"2015-08-13",
                            "episodeNumber":3,
                            "content":{
                                "dateAdded":"2015-08-13T14:14:54.431Z",
                                "captions":[

                                ],
                                "duration":63,
                                "videos":[
                                    {
                                        "url":"http://roku.cpl.delvenetworks.com/media/59021fabe3b645968e382ac726cd6c7b/5686748268874a57a4ba3debda1619dd/75ad4598ef4a4e5c950e26d80464abb4/ep-126-seg-3_contv_v1-mo.mp4",
                                        "quality":"HD",
                                        "videoType":"MP4"
                                    }
                                ]
                            }
                        },
                        {
                            "id":"37d290e03d894135b07c5e514cbad72d",
                            "title":"Fight Pass",
                            "shortDescription":"UFCTV gives you Live and On-Demand access to UFC events and classic fights. UFC (Ultimate Fighting Championship), is the worlds leading mixed martial arts sports association.",
                            "thumbnail":"https://blog.roku.com/developer/files/2016/10/ufc-poster-artwork.png",
                            "releaseDate":"2015-05-28",
                            "episodeNumber":4,
                            "content":{
                                "dateAdded":"2015-05-28T14:14:54.431Z",
                                "captions":[

                                ],
                                "duration":52,
                                "videos":[
                                    {
                                        "url":"http://roku.cpl.delvenetworks.com/media/59021fabe3b645968e382ac726cd6c7b/37d290e03d894135b07c5e514cbad72d/dfd02160a5374c39967c105a8cfff3a1/roku_ep_115_segment_3_ufc_nw_051815.mp4",
                                        "quality":"HD",
                                        "videoType":"MP4"
                                    }
                                ]
                            }
                        },
                        {
                            "id":"42137542fa884b97a2a72cb356ae21b9",
                            "title":"Giant Sharks And More",
                            "shortDescription":"The best collection of high-quality documentary programs anywhere. History, science, space, nature, adventure - XiveTV has it all. From sharks and war, to UFOs and black holes, and much more!",
                            "thumbnail":"https://blog.roku.com/developer/files/2016/10/xive-poster-artwork.png",
                            "releaseDate":"2015-07-02",
                            "episodeNumber":5,
                            "content":{
                                "dateAdded":"2015-07-02T14:14:54.431Z",
                                "captions":[

                                ],
                                "duration":67,
                                "videos":[
                                    {
                                        "url":"http://roku.cpl.delvenetworks.com/media/59021fabe3b645968e382ac726cd6c7b/42137542fa884b97a2a72cb356ae21b9/57316de2eaa3448b8376ef0b1ff58d46/roku_119_segment_2_062315.mp4",
                                        "quality":"HD",
                                        "videoType":"MP4"
                                    }
                                ]
                            }
                        },
                        {
                            "id":"7ec4711dc886464fa16001c1962904f8",
                            "title":"Get Your Game Face On",
                            "shortDescription":"Accessing your favorite live sports and shows from ESPN is now easier than ever with WatchESPN. WatchESPN brings you 24/7 live programming from your favorite ESPN networks, including: ESPN, ESPN2, ESPN3, ESPNU, SEC Network, SEC Network +, ESPNews, ESPN Deportes, Longhorn Network, ESPN Goal Line, ESPN Buzzer Beater, and ESPN Bases Loaded.",
                            "thumbnail":"https://blog.roku.com/developer/files/2016/10/espn-poster-artwork.png",
                            "releaseDate":"2015-08-27",
                            "episodeNumber":6,
                            "content":{
                                "dateAdded":"2015-08-27T14:14:54.431Z",
                                "captions":[

                                ],
                                "duration":48,
                                "videos":[
                                    {
                                        "url":"http://roku.cpl.delvenetworks.com/media/59021fabe3b645968e382ac726cd6c7b/7ec4711dc886464fa16001c1962904f8/f0f6be8be9f145dc876d18872ba746fe/rr_ep_124_segment_2_080315_h264.mp4",
                                        "quality":"HD",
                                        "videoType":"MP4"
                                    }
                                ]
                            }
                        }
                    ]
                },
                {
                    "seasonNumber":2,
                    "episodes":[
                        {
                            "id":"6c9d0951d6d74229a554adf972b278dd",
                            "title":"Let's Get Cookin'",
                            "episodeNumber":1,
                            "releaseDate":"2015-05-21",
                            "shortDescription":"The Paula Deen Channel is your instant access to Paula Deens new and hilarious cooking and lifestyle shows. Paula and her sons,  Jamie and Bobby, will cook up their delicious southern recipes and help you with hints and tips that make meal planning simple, affordable and easy.",
                            "thumbnail":"https://blog.roku.com/developer/files/2016/10/paula-deen-poster-artwork.png",
                            "content":{
                                "dateAdded":"2015-05-21T14:14:54.431Z",
                                "captions":[

                                ],
                                "duration":59,
                                "videos":[
                                    {
                                        "url":"http://roku.content.video.llnw.net/smedia/59021fabe3b645968e382ac726cd6c7b/Gb/siCt-V7LOSU08W_Ve1ByJY5N9emKZeXZvnrH2Yb9c/117_segment_2_twitch__nw_060515.mp4",
                                        "quality":"HD",
                                        "videoType":"MP4"
                                    }
                                ]
                            }
                        },
                        {
                            "id":"7405a8c101ee4c9da332c426e6067044",
                            "title":"Ideas Worth Spreading",
                            "episodeNumber":2,
                            "shortDescription":"TED is a nonprofit devoted to Ideas Worth Spreading. On this channel, youll find TEDTalks video to inspire, intrigue and stir the imagination from some of the worlds leading thinkers and doers, speaking from the stage at TED conferences, TEDx events and partner events around the world.",
                            "thumbnail":"https://blog.roku.com/developer/files/2016/10/ted-poster-artwork.png",
                            "releaseDate":"2015-05-21",
                            "content":{
                                "dateAdded":"2015-05-21T14:14:54.431Z",
                                "captions":[

                                ],
                                "duration":71,
                                "videos":[
                                    {
                                        "url":"http://roku.content.video.llnw.net/smedia/59021fabe3b645968e382ac726cd6c7b/p-/IBQ_ar_jBKNjk2ZGYCNHHNcN7v6Qy2Gf4V517CuX0/roku_ep_115_segment_1_ted_nw_050515.mp4",
                                        "quality":"HD",
                                        "videoType":"MP4"
                                    }
                                ]
                            }
                        },
                        {
                            "id":"5686748268874a13a4ba3debda1619dd",
                            "title":"Fanboys Unite",
                            "shortDescription":"ConTv is a channel that promises to let you immerse yourself in the Comic Con experience. The channel offers Sci-fi and monster movies, cult classics, martial arts, hit television series from years past, and more.",
                            "thumbnail":"https://blog.roku.com/developer/files/2016/10/con-tv-poster-artwork.png",
                            "releaseDate":"2015-08-13",
                            "episodeNumber":3,
                            "content":{
                                "dateAdded":"2015-08-13T14:14:54.431Z",
                                "captions":[

                                ],
                                "duration":63,
                                "videos":[
                                    {
                                        "url":"http://roku.content.video.llnw.net/smedia/59021fabe3b645968e382ac726cd6c7b/QQ/6q06mla758cIcH6GFeTCKS-iTyFVH5PCCDYbScMzM/ep-126-seg-3_contv_v1-mo.mp4",
                                        "quality":"HD",
                                        "videoType":"MP4"
                                    }
                                ]
                            }
                        },
                        {
                            "id":"37d290e03d894135b07c5e514cbad756",
                            "title":"Fight Pass",
                            "shortDescription":"UFCTV gives you Live and On-Demand access to UFC events and classic fights. UFC (Ultimate Fighting Championship), is the worlds leading mixed martial arts sports association.",
                            "thumbnail":"https://blog.roku.com/developer/files/2016/10/ufc-poster-artwork.png",
                            "releaseDate":"2015-05-28",
                            "episodeNumber":4,
                            "content":{
                                "dateAdded":"2015-05-28T14:14:54.431Z",
                                "captions":[

                                ],
                                "duration":52,
                                "videos":[
                                    {
                                        "url":"http://roku.content.video.llnw.net/smedia/59021fabe3b645968e382ac726cd6c7b/XI/rKvS5XPfw2LqmtwT9ui46x-tPztbus7TVs-TPWpto/roku_ep_115_segment_3_ufc_nw_051815.mp4",
                                        "quality":"HD",
                                        "videoType":"MP4"
                                    }
                                ]
                            }
                        },
                        {
                            "id":"42137542fa884b97a3472cb356ae21b9",
                            "title":"Giant Sharks And More",
                            "shortDescription":"The best collection of high-quality documentary programs anywhere. History, science, space, nature, adventure - XiveTV has it all. From sharks and war, to UFOs and black holes, and much more!",
                            "thumbnail":"https://blog.roku.com/developer/files/2016/10/xive-poster-artwork.png",
                            "releaseDate":"2015-07-02",
                            "episodeNumber":5,
                            "content":{
                                "dateAdded":"2015-07-02T14:14:54.431Z",
                                "captions":[

                                ],
                                "duration":67,
                                "videos":[
                                    {
                                        "url":"http://roku.content.video.llnw.net/smedia/59021fabe3b645968e382ac726cd6c7b/Ks/IPueo9XOsmphulkqjld8bgmVZLMto1Mob5NkTioiw/roku_119_segment_2_062315.mp4",
                                        "quality":"HD",
                                        "videoType":"MP4"
                                    }
                                ]
                            }
                        },
                        {
                            "id":"7ec4711dc886478fa16001c1962904f8",
                            "title":"Get Your Game Face On",
                            "shortDescription":"Accessing your favorite live sports and shows from ESPN is now easier than ever with WatchESPN. WatchESPN brings you 24/7 live programming from your favorite ESPN networks, including: ESPN, ESPN2, ESPN3, ESPNU, SEC Network, SEC Network +, ESPNews, ESPN Deportes, Longhorn Network, ESPN Goal Line, ESPN Buzzer Beater, and ESPN Bases Loaded.",
                            "thumbnail":"https://blog.roku.com/developer/files/2016/10/espn-poster-artwork.png",
                            "releaseDate":"2015-08-27",
                            "episodeNumber":6,
                            "content":{
                                "dateAdded":"2015-08-27T14:14:54.431Z",
                                "captions":[

                                ],
                                "duration":48,
                                "videos":[
                                    {
                                        "url":"http://roku.content.video.llnw.net/smedia/59021fabe3b645968e382ac726cd6c7b/Ky/2OunKRyOuZieo4oipZIci_mCWi6Fgoyx4A9QB6ts8/rr_ep_124_segment_2_080315_h264.mp4",
                                        "quality":"HD",
                                        "videoType":"MP4"
                                    }
                                ]
                            }
                        }
                    ]
                }
            ]
        }
    ]
}
