{
    "providerName": "Roku Recommends",
    "language": "en-US",
    "lastUpdated": "2017-04-20T02:01:00+02:00",
    "movies": [
        {
            "id": "123456789",
            "title": "Live Gaming",
            "releaseDate": "2015-06-11",
            "shortDescription": "With the Twitch channel, you can watch the most popular broadcasts of the day, browse live broadcasts by the games you love and follow your favorite Twitch broadcasters.",
            "thumbnail": "https://blog.roku.com/developer/files/2016/10/twitch-poster-artwork.png",
            "genres": [
                "drama"
            ],
            "tags": [
                "films"
            ],
            "content": {
                "dateAdded": "2015-06-11T14:14:54.431Z",
                "captions": [],
                "videos": [
                    {
                        "url": "http://roku.content.video.llnw.net/smedia/59021fabe3b645968e382ac726cd6c7b/Gb/siCt-V7LOSU08W_Ve1ByJY5N9emKZeXZvnrH2Yb9c/117_segment_2_twitch__nw_060515.mp4",
                        "quality": "HD",
                        "videoType": "MP4"
                    }
                ],
                "duration": 53
            }
        }
    ],
    "series": [
        {
            "id": "AroundTheWorld5505",
            "title": "Around The World in 80 Days",
            "releaseDate": "2000-01-01",
            "shortDescription": "Mr. Phileas Fogg lived, in 1872, at No. 7, Saville Row, Burlington Gardens, the house in which Sheridan died in 1814.",
            "thumbnail": "https://archive.org/download/Atw-ch9--s1/s1.jpg",
            "genres": [
                "drama"
            ],
            "tags": [
                "series"
            ],
            "seasons": [
                {
                    "seasonNumber": 1,
                    "episodes": [
                        {
                            "id": "AroundTheWorld55051",
                            "title": " ATW | Chapter 1",
                            "episodeNumber": 1,
                            "releaseDate": "2024-12-01",
                            "shortDescription": "Mr. Phileas Fogg lived, in 1872, at No. 7, Saville Row, Burlington Gardens, the house in which Sheridan died in 1814. ",
                            "thumbnail": "https://archive.org/download/yt1z.net---PHILEAS-FOGG-AND-PASSEPARTOUT-ACCEPT-EACH-OTHER-aroundtheworldin80days-Season1--720p-/yt1z.net---PHILEAS-FOGG-AND-PASSEPARTOUT-ACCEPT-EACH-OTHER-aroundtheworldin80days-Season1--720p-.thumbs/yt1z.net---PHILEAS-FOGG-AND-PASSEPARTOUT-ACCEPT-EACH-OTHER-aroundtheworldin80days-Season1--720p-_000058.jpg",
                            "content": {
                                "dateAdded": "2025-11-03T14:14:54.431Z",
                                "captions": [],
                                "duration": 540,
                                "videos": [
                                    {
                                        "url": "https://archive.org/download/yt1z.net---PHILEAS-FOGG-AND-PASSEPARTOUT-ACCEPT-EACH-OTHER-aroundtheworldin80days-Season1--720p-/yt1z.net---PHILEAS-FOGG-AND-PASSEPARTOUT-ACCEPT-EACH-OTHER-aroundtheworldin80days-Season1--720p-.mp4",
                                        "quality": "HD",
                                        "videoType": "MP4"
                                    }
                                ]
                            }
                        },
                        {
                            "id": "AroundTheWorld550512",
                            "title": "ATW | Chapter 2",
                            "episodeNumber": 2,
                            "shortDescription": "Faith, muttered Passepartout, somewhat flurried, I've seen people at Madame Tussaud's as lively as my new master!",
                            "thumbnail": "https://archive.org/download/ATW-Ch2_aroundtheworldin-80days/ATW-Ch2_aroundtheworldin-80days.thumbs/PASSEPARTOUT-IS-CONVINCED-THAT-HE-HAS-AT-LAST-FOUND-HIS-IDEAL---aroundtheworldin80days_000117.jpg",
                            "releaseDate": "2024-12-07",
                            "content": {
                                "dateAdded": "2025-11-03T14:14:54.431Z",
                                "captions": [],
                                "duration": 360,
                                "videos": [
                                    {
                                        "url": "https://archive.org/download/ATW-Ch2_aroundtheworldin-80days/PASSEPARTOUT-IS-CONVINCED-THAT-HE-HAS-AT-LAST-FOUND-HIS-IDEAL---aroundtheworldin80days.mp4",
                                        "quality": "HD",
                                        "videoType": "MP4"
                                    }
                                ]
                            }
                        },
                        {
                            "id": "AroundTheWorld5505123",
                            "title": "ATW | Chapter 3",
                            "shortDescription": "Phileas Fogg, having shut the door of his house at half-past eleven, and having put his right foot before his left five hundred and seventy-five times, and his left foot before his right five hundred and seventy-six times, reached the Reform Club.",
                            "thumbnail": "https://archive.org/download/Atw-ch3-aroundtheworldin-80days-s-1/Atw-ch3-aroundtheworldin-80days-s-1.thumbs/A-CONVERSATION-TAKES-PLACE-WHICH-SEEMS-LIKELY-TO-COST-PHILEAS---aroundtheworldin80days-s--1-_000090.jpg",
                            "releaseDate": "2024-12-07",
                            "episodeNumber": 3,
                            "content": {
                                "dateAdded": "2025-11-04T14:14:54.431Z",
                                "captions": [],
                                "duration": 660,
                                "videos": [
                                    {
                                        "url": "https://archive.org/download/Atw-ch3-aroundtheworldin-80days-s-1/ch3.mp4",
                                        "quality": "HD",
                                        "videoType": "MP4"
                                    }
                                ]
                            }
                        },
                        {
                            "id": "AroundTheWorld5505124",
                            "title": "ATW | Chapter 4",
                            "shortDescription": "Having won twenty guineas at whist, and taken leave of his friends, Phileas Fogg, at twenty-five minutes past seven, left the Reform Club.",
                            "thumbnail": "https://archive.org/download/Atw-ch4-aroundtheworldin-80days-s-1/Atw-ch4-aroundtheworldin-80days-s-1.thumbs/IN-WHICH-PHILEAS-FOGG-ASTOUNDS-PASSEPARTOUT---aroundtheworldin80days-s--1-_000001.jpg",
                            "releaseDate": "2024-12-07",
                            "episodeNumber": 4,
                            "content": {
                                "dateAdded": "2025-11-04T14:14:54.431Z",
                                "captions": [],
                                "duration": 360,
                                "videos": [
                                    {
                                        "url": "https://archive.org/download/Atw-ch4-aroundtheworldin-80days-s-1/IN-WHICH-PHILEAS-FOGG-ASTOUNDS-PASSEPARTOUT---aroundtheworldin80days-s--1-.mp4",
                                        "quality": "HD",
                                        "videoType": "MP4"
                                    }
                                ]
                            }
                        },
                        {
                            "id": "AroundTheWorld55051245",
                            "title": "ATW | Chapter 5",
                            "shortDescription": "Phileas Fogg rightly suspected that his departure from London would create a lively sensation at the West End. The news of the bet spread through the Reform Club, and afforded an exciting topic of conversation to its members.",
                            "thumbnail": "https://archive.org/download/Atw-ch5-s1/Atw-ch5-s1.thumbs/IN-WHICH-A-NEW-SPECIES-OF-FUNDS--UNKNOWN-TO-THE-MONEYED-MEN--APPEARS-ON--CHANGE_000001.jpg",
                            "releaseDate": "2024-12-07",
                            "episodeNumber": 5,
                            "content": {
                                "dateAdded": "2025-11-04T14:14:54.431Z",
                                "captions": [],
                                "duration": 300,
                                "videos": [
                                    {
                                        "url": "https://archive.org/download/Atw-ch5-s1/IN-WHICH-A-NEW-SPECIES-OF-FUNDS--UNKNOWN-TO-THE-MONEYED-MEN--APPEARS-ON--CHANGE.mp4",
                                        "quality": "HD",
                                        "videoType": "MP4"
                                    }
                                ]
                            }
                        },
                        {
                            "id": "AroundTheWorld550512456",
                            "title": "ATW | Chapter 6",
                            "shortDescription": "The steamer Mongolia, belonging to the Peninsular and Oriental Company, built of iron, of two thousand eight hundred tons burden, and five hundred horse-power, was due at eleven o'clock a.m",
                            "thumbnail": "https://archive.org/download/Atw-ch6-aroundtheworldin-80days/Atw-ch6-aroundtheworldin-80days.thumbs/IN-WHICH-FIX--THE-DETECTIVE--BETRAYS-A-VERY-NATURAL-IMPATIENCE--aroundtheworldin80days_000001.jpg",
                            "releaseDate": "2024-12-07",
                            "episodeNumber": 6,
                            "content": {
                                "dateAdded": "2025-11-04T14:14:54.431Z",
                                "captions": [],
                                "duration": 480,
                                "videos": [
                                    {
                                        "url": "https://archive.org/download/Atw-ch6-aroundtheworldin-80days/IN-WHICH-FIX--THE-DETECTIVE--BETRAYS-A-VERY-NATURAL-IMPATIENCE--aroundtheworldin80days.mp4",
                                        "quality": "HD",
                                        "videoType": "MP4"
                                    }
                                ]
                            }
                        },
                        {
                             "id": "AroundTheWorld550512457 ",
                            "title": "ATW | Chapter 7",
                            "shortDescription": "The detective passed down the quay, and rapidly made his way to the consul's office, where he was at once admitted to the presence of that official. ", 
                            "thumbnail": "https://archive.org/download/Atw-ch7-aroundtheworldin-80days/Atw-ch7-aroundtheworldin-80days.thumbs/WHICH-ONCE-MORE-DEMONSTRATES-USELESSNESS-OF-PASSPORTS-AS-AIDS-TO-DETECTIVES--aroundtheworldin80days_000001.jpg",
                            "releaseDate": "2024-12-07",
                            "episodeNumber": 7,
                            "content": {    
                                "dateAdded": "2025-11-04T14:14:54.431Z",
                                "captions": [],
                                "duration": 180,
                                "videos": [
                                    {
                                        "url": "https://archive.org/download/Atw-ch7-aroundtheworldin-80days/WHICH-ONCE-MORE-DEMONSTRATES-USELESSNESS-OF-PASSPORTS-AS-AIDS-TO-DETECTIVES--aroundtheworldin80days.mp4",
                                        "quality": "HD",
                                        "videoType": "MP4"
                                    }
                                ]
                            }
                        }
                    ]
                },
                {
                    "seasonNumber": 2,
                    "episodes": [
                        {
                            "id": "6c9d0951d6d74229a554adf972b278dd",
                            "title": "Let's Get Cookin'",
                            "episodeNumber": 1,
                            "releaseDate": "2015-05-21",
                            "shortDescription": "The Paula Deen Channel is your instant access to Paula Deens new and hilarious cooking and lifestyle shows. Paula and her sons,  Jamie and Bobby, will cook up their delicious southern recipes and help you with hints and tips that make meal planning simple, affordable and easy.",
                            "thumbnail": "https://blog.roku.com/developer/files/2016/10/paula-deen-poster-artwork.png",
                            "content": {
                                "dateAdded": "2015-05-21T14:14:54.431Z",
                                "captions": [],
                                "duration": 59,
                                "videos": [
                                    {
                                        "url": "http://roku.content.video.llnw.net/smedia/59021fabe3b645968e382ac726cd6c7b/An/Ad7-vxssRzyBjjdbdLdikctclTqxwEGsVWZGpiKp4/roku_ep_115_segment_5_paula_nw_050515.mp4",
                                        "quality": "HD",
                                        "videoType": "MP4"
                                    }
                                ]
                            }
                        },
                        {
                            "id": "7405a8c101ee4c9da332c426e6067044",
                            "title": "Ideas Worth Spreading",
                            "episodeNumber": 2,
                            "shortDescription": "TED is a nonprofit devoted to Ideas Worth Spreading. On this channel, you will find TEDTalks video to inspire, intrigue and stir the imagination from some of the worlds leading thinkers and doers, speaking from the stage at TED conferences, TEDx events and partner events around the world.",
                            "thumbnail": "https://blog.roku.com/developer/files/2016/10/ted-poster-artwork.png",
                            "releaseDate": "2015-05-21",
                            "content": {
                                "dateAdded": "2015-05-21T14:14:54.431Z",
                                "captions": [],
                                "duration": 71,
                                "videos": [
                                    {
                                        "url": "http://roku.content.video.llnw.net/smedia/59021fabe3b645968e382ac726cd6c7b/p-/IBQ_ar_jBKNjk2ZGYCNHHNcN7v6Qy2Gf4V517CuX0/roku_ep_115_segment_1_ted_nw_050515.mp4",
                                        "quality": "HD",
                                        "videoType": "MP4"
                                    }
                                ]
                            }
                        },
                        {
                            "id": "5686748268874a13a4ba3debda1619dd",
                            "title": "Fanboys Unite",
                            "shortDescription": "ConTv is a channel that promises to let you immerse yourself in the Comic Con experience. The channel offers Sci-fi and monster movies, cult classics, martial arts, hit television series from years past, and more.",
                            "thumbnail": "https://blog.roku.com/developer/files/2016/10/con-tv-poster-artwork.png",
                            "releaseDate": "2015-08-13",
                            "episodeNumber": 3,
                            "content": {
                                "dateAdded": "2015-08-13T14:14:54.431Z",
                                "captions": [],
                                "duration": 63,
                                "videos": [
                                    {
                                        "url": "http://roku.content.video.llnw.net/smedia/59021fabe3b645968e382ac726cd6c7b/QQ/6q06mla758cIcH6GFeTCKS-iTyFVH5PCCDYbScMzM/ep-126-seg-3_contv_v1-mo.mp4",
                                        "quality": "HD",
                                        "videoType": "MP4"
                                    }
                                ]
                            }
                        },
                        {
                            "id": "37d290e03d894135b07c5e514cbad756",
                            "title": "Fight Pass",
                            "shortDescription": "UFCTV gives you Live and On-Demand access to UFC events and classic fights. UFC (Ultimate Fighting Championship), is the world leading mixed martial arts sports association.",
                            "thumbnail": "https://blog.roku.com/developer/files/2016/10/ufc-poster-artwork.png",
                            "releaseDate": "2015-05-28",
                            "episodeNumber": 4,
                            "content": {
                                "dateAdded": "2015-05-28T14:14:54.431Z",
                                "captions": [],
                                "duration": 52,
                                "videos": [
                                    {
                                        "url": "http://roku.content.video.llnw.net/smedia/59021fabe3b645968e382ac726cd6c7b/XI/rKvS5XPfw2LqmtwT9ui46x-tPztbus7TVs-TPWpto/roku_ep_115_segment_3_ufc_nw_051815.mp4",
                                        "quality": "HD",
                                        "videoType": "MP4"
                                    }
                                ]
                            }
                        },
                        {
                            "id": "42137542fa884b97a3472cb356ae21b9",
                            "title": "Giant Sharks And More",
                            "shortDescription": "The best collection of high-quality documentary programs anywhere. History, science, space, nature, adventure - XiveTV has it all. From sharks and war, to UFOs and black holes, and much more!",
                            "thumbnail": "https://blog.roku.com/developer/files/2016/10/xive-poster-artwork.png",
                            "releaseDate": "2015-07-02",
                            "episodeNumber": 5,
                            "content": {
                                "dateAdded": "2015-07-02T14:14:54.431Z",
                                "captions": [],
                                "duration": 67,
                                "videos": [
                                    {
                                        "url": "http://roku.content.video.llnw.net/smedia/59021fabe3b645968e382ac726cd6c7b/Ks/IPueo9XOsmphulkqjld8bgmVZLMto1Mob5NkTioiw/roku_119_segment_2_062315.mp4",
                                        "quality": "HD",
                                        "videoType": "MP4"
                                    }
                                ]
                            }
                        },
                        {
                            "id": "7ec4711dc886478fa16001c1962904f8",
                            "title": "Get Your Game Face On",
                            "shortDescription": "Accessing your favorite live sports and shows from ESPN is now easier than ever with WatchESPN. WatchESPN brings you 24/7 live programming from your favorite ESPN networks, including: ESPN, ESPN2, ESPN3, ESPNU, SEC Network, SEC Network +, ESPNews, ESPN Deportes, Longhorn Network, ESPN Goal Line, ESPN Buzzer Beater, and ESPN Bases Loaded.",
                            "thumbnail": "https://blog.roku.com/developer/files/2016/10/espn-poster-artwork.png",
                            "releaseDate": "2015-08-27",
                            "episodeNumber": 6,
                            "content": {
                                "dateAdded": "2015-08-27T14:14:54.431Z",
                                "captions": [],
                                "duration": 48,
                                "videos": [
                                    {
                                        "url": "http://roku.content.video.llnw.net/smedia/59021fabe3b645968e382ac726cd6c7b/Ky/2OunKRyOuZieo4oipZIci_mCWi6Fgoyx4A9QB6ts8/rr_ep_124_segment_2_080315_h264.mp4",
                                        "quality": "HD",
                                        "videoType": "MP4"
                                    }
                                ]
                            }
                        }
                    ]
                }
            ]
        }
    ]
}